s6,,,,,,,,,,,,,,,s5,,,,,,,,,,,,,,,,,,,,,,,,,,,,,,,,,,,1,2,4,,,3,,,,,,,,,,,,,,,,,,,,,,,
s6,,,,,,,,,,,,,,,s5,,,,,,,,,,,,,,,,,,,,,,,,,,,,,,,,,acc,,,7,4,,,3,,,,,,,,,,,,,,,,,,,,,,,
r2,,,,,,,,,,,,,,,r2,,,,,,,,,,,,,,,,,,,,,,,,,,,,,,,,,r2,,,,,,,,,,,,,,,,,,,,,,,,,,,,,,
r3,,,,,,,,,,,,,,,r3,,,,,,,,,,,,,,,,,,,,,,,,,,,,,,,,,r3,,,,,,,,,,,,,,,,,,,,,,,,,,,,,,
r4,,,,,,,,,,,,,,,r4,,,,,,,,,,,,,,,,,,,,,,,,,,,,,,,,,r4,,,,,,,,,,,,,,,,,,,,,,,,,,,,,,
,,,,,,,,,,,,,,,,,,,,,,,,,,,,,,,,,,,,,,,,,,s9,,,,,,,,,,,,,,,,,,,,,,,,,,,,8,,,,,,,,
,,,,,,,,,,,,,,,,,,,,,,,,,,,,,,,,,,,,,,,,,,s9,,,,,,,,,,,,,,,,,,,,,,,,,,,,10,,,,,,,,
r1,,,,,,,,,,,,,,,r1,,,,,,,,,,,,,,,,,,,,,,,,,,,,,,,,,r1,,,,,,,,,,,,,,,,,,,,,,,,,,,,,,
,,,,,,,r77,,,,,,,,,r77,,,,,,,,,,,,,,,,,,,,,,,,,,,,,,,,,,,,,,,,,,,,,,,,,,,,,,,,,,,,,,11
r69,r69,,,,,,,,,,,,,r69,r69,r69,,r69,,,,,,,,,,,,,,,,,,,,,,,,,,,,,,r69,,,,,,,,,,,,,,,,,,,,,,,,,,,,,,
,s12,,,,,,,,,,,,,,,,,,,,,,,,,,,,,,,,,,,,,,,,,,,,,,,,,,,,,,,,,,,,,,,,,,,,,,,,,,,,,
,,,,,,,,,,,,,,,,s13,,,,,,,,,,,,,,,,,,,,,,,,,,,,,,,,,,,,,,,,,,,,,,,,,,,,,,,,,,,,,,
,,s14,,,,s15,,,s17,s18,s19,s20,,,,,,,,,,,,,,,,,,,,,,,,,,,,,,s22,,,,,,,,,,,16,,,,,,,,,,,,,,,,,,21,,,,,,,
,,,,,,,,,,,,,,,,,,,,,,,,,,,,,,,,,,,,,,,,,,s9,,,,,,,,,,,,,,23,,,,,,,,,,,,,,24,,,,,,,,
,,,s25,,,,,,,,,,,,,,,,,,,,,,,,,,,,,,,,,,,,,,,,,,,,,,,,,,,,,,,,,,,,,,,,,,,,,,,,,,,
,,,,,,,r77,,,,,,,,,r77,,,,,,,,,,,,,,,,,,,,,,,,,,,,,,,,,,,,,,,,,,,,,,,,,,,,,,,,,,,,,,26
r7,,,,,,,,,,,,,,,r7,,,,,,,,,,,,,,,,,,,,,,,,,,,,,,,,,r7,,,,,,,,,,,,,,,,,,,,,,,,,,,,,,
r8,,,,,,,r8,r8,,,,,r8,,r8,,r8,r8,,,,,,,,,,,,,,,,,,,,,,,,,,,,,,r8,,,,,,,,,,,,,,,,,,,,,,,,,,,,,,
r9,,,,,,,r9,r9,,,,,r9,,r9,,r9,r9,,,,,,,,,,,,,,,,,,,,,,,,,,,,,,r9,,,,,,,,,,,,,,,,,,,,,,,,,,,,,,
r10,,,,,,,r10,r10,,,,,r10,,r10,,r10,r10,,,,,,,,,,,,,,,,,,,,,,,,,,,,,,r10,,,,,,,,,,,,,,,,,,,,,,,,,,,,,,
r11,,,,,,,r11,r11,,,,,r11,,r11,,r11,r11,,,,,,,,,,,,,,,,,,,,,,,,,,,,,,r11,,,,,,,,,,,,,,,,,,,,,,,,,,,,,,
r12,,,,,,,r12,r12,,,,,r12,,r12,,r12,r12,,,,,,,,,,,,,,,,,,,,,,,,,,,,,,r12,,,,,,,,,,,,,,,,,,,,,,,,,,,,,,
r70,r70,,r70,r70,,,r70,r70,,,,,r70,,r70,r70,r70,r70,,,,,,,,r70,r70,r70,r70,r70,r70,r70,r70,r70,r70,r70,r70,r70,r70,,r70,,,,,,,r70,,,,,,,,,,,,,,,,,,,,,,,,,,,,,,
,,,,,,,,,,,,,,,,,s27,s28,,,,,,,,,,,,,,,,,,,,,,,,,,,,,,,,,,,,,,,,,,,,,,,,,,,,,,,,,,,,
,,,,,,,,,,,,,,s29,,,,,,,,,,,,,,,,,,,,,,,,,,,,,,,,,,,,,,,,,,,,,,,,,,,,,,,,,,,,,,,,
,,,,,,,,,,,,,,,,,,,,,,,,,,,,,,,,,,,,,,,,,,,,,,,s31,,,,,,,,,,,,,,,,,,,,,,,,,,,,,,30,
,,,,,,,s32,,,,,,,,,,,,,,,,,,,,,,,,,,,,,,,,,,,,,,,,,,,,,,,,,,,,,,,,,,,,,,,,,,,,,,,
,,,,,,,,,,,,,,s33,,,,,,,,,,,,,,,,,,,,,,,,,,,,,,,,,,,,,,,,,,,,,,,,,,,,,,,,,,,,,,,,
,,,,,,,,,,,,,,,,,,,,,,,,,,,,,,,,,,,,,,,,,,s9,,,,,,,,,,,,,,,,,,,,,,,,,,,,34,,,,,,,,
,,,,,,,,,s17,s18,s19,s20,,,,,,,,,,,,,,,,,,,,,,,,,,,,,,s22,,,,,,,,,,,35,,,,,,,,,,,,,,,,,,21,,,,,,,
,,,,s36,,,,,,,,,,,,,,,,,,,,,,,,,,,,,,,,,,,,,,,,,,,,,,,,,,,,,,,,,,,,,,,,,,,,,,,,,,
,,,,r76,,,,,,,,,r76,,,,r76,r76,,,,,,,,r76,r76,r76,r76,r76,r76,r76,r76,r76,r76,r76,r76,,,,,,,,,,,,,,,,,,,,,,,,,,,,,,,,,,,,,,,,,
,,,,,,,,,,,,,,,,,,,,,,,,,,,,,,,,,,,,,,,,,,s9,,,,,,,,,,,,37,,,,,,,38,,,,,,,,,39,,,,,,,,
,,,,,,,,,s17,s18,s19,s20,,,,,,,,,,,,,,,,,,,,,,,,,,,,,,s22,,,,,,,,,,,40,,,,,,,,,,,,,,,,,,21,,,,,,,
,,,,,,,,,,,,,,s41,,,,,,,,,,,,,,,,,,,,,,,,,,,,,,,,,,,,,,,,,,,,,,,,,,,,,,,,,,,,,,,,
,,,,,,,,,,,,,,,,,r17,r17,,,,,,,,,,,,,,,,,,,,,,,,,,,,,,,,,,,,,,,,,,,,,,,,,,,,,,,,,,,,
,,,,,s42,,,,,,,,,,,,,,,,,,,,,,,,,,,,,,,,,,,,,,,,,,,,,,,,,,,,,,,,,,,,,,,,,,,,,,,,,
,,,,,,,,s43,,,,,s44,,,,,,,,,,,,,,,,,,,,,,,,,,,,,,,,,,,,,,,,,,,,,,,,,,,,,,,,,,,,,,,,,
,,,,,,,,,,,,,,s45,,,,s46,,,,,,,,,,,,,,,,,,,,,,,,,,,,,,,,,,,,,,,,,,,,,,,,,,,,,,,,,,,,
,,,,,,,,,,,,,,r25,,,,r25,,,,,,,,,,,,,,,,,,,,,,,,,,,,,,,,,,,,,,,,,,,,,,,,,,,,,,,,,,,,
,,,,,,,s48,,,,,,,,,,,,,,,,,,,,,,,,,,,,,,,,,,,,,,,,,,,,,,,,,,47,,,,,,,,,,,,,,,,,,,,,
,,,,,,,,,s17,s18,s19,s20,,,,,,,,,,,,,,,,,,,,,,,,,,,,,,s22,,,,,,,,,,,49,,,,,,,,,,,,,,,,,,21,,,,,,,
,,,,,,,,,s17,s18,s19,s20,,,,,,,,,,,,,,,,,,,,,,,,,,,,,,s22,,,,,,,,,,,50,,,,,,,,,,,,,,,,,,21,,,,,,,
r6,,,,,,,,,,,,,,,r6,,,,,,,,,,,,,,,,,,,,,,,,,,,,,,,,,r6,,,,,,,,,,,,,,,,,,,,,,,,,,,,,,
,,,,,,,,,,,,,,,,,,,,,,,,,,,,,,,,,,,,,,,,,,s9,,,,,,,,,,,,,,,,,,,51,,,,,,,,,39,,,,,,,,
,,,,,,,,,s17,s18,s19,s20,,,,,,,,,,,,,,,,,,,,,,,,,,,,,,s22,,,,,,,,,,,52,,,,,,,,,,,,,,,,,,21,,,,,,,
,,,,,,,,,,,,,,,,,,,,,,,,,,,,,,,,,,,,,,,,,,s9,,,,,,,,,,,,,,,,,,,,,,,,,,,,53,,,,,,,,
r15,,,,,,,,,,,,,,,r15,,,,,,,,,,,,,,,,,,,,,,,,,,,,,,,,,r15,,,,,,,,,,,,,,,,,,,,,,,,,,,,,,
,,,,,,,,,,,,,,,,,,,s56,,,,,,,,,,,,,,,,,,,,,,,,,,,,,,,,,,,,,,,54,,55,,,,,,,,,,,,,,,,,,
,,,,,,,,,,,,,,,,,r16,r16,,,,,,,,,,,,,,,,,,,,,,,,,,,,,,,,,,,,,,,,,,,,,,,,,,,,,,,,,,,,
r5,,,,,,,,,,,,,,,r5,,,,,,,,,,,,,,,,,,,,,,,,,,,,,,,,,r5,,,,,,,,,,,,,,,,,,,,,,,,,,,,,,
,,,,,,,,,,,,,,s57,,,,s46,,,,,,,,,,,,,,,,,,,,,,,,,,,,,,,,,,,,,,,,,,,,,,,,,,,,,,,,,,,,
,,,,,,,,r14,,,,,r14,,,,,,,,,,,,,,,,,,,,,,,,,,,,,,,,,,,,,,,,,,,,,,,,,,,,,,,,,,,,,,,,,
,,,,,,,,,,,,,,r24,,,,r24,,,,,,,,,,,,,,,,,,,,,,,,,,,,,,,,,,,,,,,,,,,,,,,,,,,,,,,,,,,,
,,,,,,,s48,,,,,,,,,,,,s56,s61,,s62,s63,s66,s67,,,,,,,,,,,,,,,,,s22,,,,,,,,,,,,,,,64,,58,59,,60,,,,,,,65,,68,,,,,,,
,,,,,,,r20,,,,,,,,,,,,r20,r20,,r20,r20,r20,r20,,,,,,,,,,,,,,,,,r20,,,,,,,,,,,,,,,,,,,,,,,,,,,,,,,,,,,,
,,,,,,,,,,,,,,,,,,,,,,,,,,,,,,,,,,,,,,,,,,s9,,,,,,,,,,,,,,,,,,,69,,,,,,,,,39,,,,,,,,
,,,,,,,,,s17,s18,s19,s20,,,,,,,,,,,,,,,,,,,,,,,,,,,,,,s22,,,,,,,,,,,70,,,,,,,,,,,,,,,,,,21,,,,,,,
,,,,,,,s48,s71,,,,,,,,,,,,s61,,s62,s63,s66,s67,,,,,,,,,,,,,,,,,s22,,,,,,,,,,,,,,,64,,,,,72,,,,,,,65,,68,,,,,,,
,,,,,,,r19,,,,,,,,,,,,r19,r19,,r19,r19,r19,r19,,,,,,,,,,,,,,,,,r19,,,,,,,,,,,,,,,,,,,,,,,,,,,,,,,,,,,,
,,,,,,,r22,r22,,,,,,,,,,,,r22,,r22,r22,r22,r22,,,,,,,,,,,,,,,,,r22,,,,,,,,,,,,,,,,,,,,,,,,,,,,,,,,,,,,
,,,,,,,,,,,,,,,,s73,,,,,,,,,,,,,,,,,,,,,,,,,,,,,,,,,,,,,,,,,,,,,,,,,,,,,,,,,,,,,,
,,,,,,,,,,,,,,,,s74,,,,,,,,,,,,,,,,,,,,,,,,,,,,,,,,,,,,,,,,,,,,,,,,,,,,,,,,,,,,,,
,,,,,,,s48,,,,,,,,,,,,,s61,,s62,s63,s66,s67,,,,,,,,,,,,,,,,,s22,,,,,,,,,,,,,,,64,,,,,75,,,,,,,65,,68,,,,,,,
,,,,,,,r30,r30,,,,,,,,,,,,r30,r30,r30,r30,r30,r30,,,,,,,,,,,,,,,,,r30,,,,,,,,,,,,,,,,,,,,,,,,,,,,,,,,,,,,
,s76,,s78,,,,,,,,,,,,,,,,,,,,,,,,,,,,,,,,,,,,,,s77,,,,,,,,,,,,,,,,,,,,,,,,,,,,,,,,,,,,,
,,,,,,,,,,,,,s79,,,,,,,,,,,,,,,,,,,,,,,,,,,,,,,,,,,,,,,,,,,,,,,,,,,,,,,,,,,,,,,,,
,,,,,,,,,,,,,s80,,,,,,,,,,,,,,,,,,,,,,,,,,,,,,,,,,,,,,,,,,,,,,,,,,,,,,,,,,,,,,,,,
,r68,,r68,r68,,,,,,,,,r68,,,,r68,r68,,,,,,,,r68,r68,r68,r68,r68,r68,r68,r68,r68,r68,r68,r68,r68,r68,,r68,,,,,,,,,,,,,,,,,,,,,,,,,,,,,,,,,,,,,
,,,,,,,,,,,,,,s81,,,,s46,,,,,,,,,,,,,,,,,,,,,,,,,,,,,,,,,,,,,,,,,,,,,,,,,,,,,,,,,,,,
,,,,,,,,r13,,,,,r13,,,,,,,,,,,,,,,,,,,,,,,,,,,,,,,,,,,,,,,,,,,,,,,,,,,,,,,,,,,,,,,,,
r18,,,,,,,r18,r18,,,,,,,r18,,,,,r18,r18,r18,r18,r18,r18,,,,,,,,,,,,,,,,,r18,,,,,,r18,,,,,,,,,,,,,,,,,,,,,,,,,,,,,,
,,,,,,,r21,r21,,,,,,,,,,,,r21,,r21,r21,r21,r21,,,,,,,,,,,,,,,,,r21,,,,,,,,,,,,,,,,,,,,,,,,,,,,,,,,,,,,
,,,,,,,,,,,,,,,,s90,,,,,,,,,,,,,,,,,,,s92,,,s88,s89,s93,,s22,s99,s100,s101,s102,s31,,,,,,,,,,,,,,,,82,83,84,85,86,,87,,91,,94,95,96,97,98,
,,,,,,,,,,,,,,,,s90,,,,,,,,,,,,,,,,,,,s92,,,s88,s89,s93,,s22,s99,s100,s101,s102,s31,,,,,,,,,,,,,,,,103,83,84,85,86,,87,,91,,94,95,96,97,98,
,,,,,,,,,,,,,,,,,,,,,,s104,,,,,,,,,,,,,,,,,,,,,,,,,,,,,,,,,,,,,,,,,,,,,,,,,,,,,,,,
,,,,,,,,,,,,,,,,s90,,,,,,,,,,,,,,,,,,,s92,,,s88,s89,s93,,s22,s99,s100,s101,s102,s31,,,,,,,,,,,,,,,,105,83,84,85,86,,87,,91,,94,95,96,97,98,
,,,,,,,,,,,,,,,,,,,,,,,,,,,,,,,,,,,,,,,,,,s107,,,,,,,,,,,,,,,,,,,,,,,,,,,,,,106,,,,,,
,,,,,,,,,,,,,,,,s90,,,,,,,,,,,,,,,,,,,s92,,,s88,s89,s93,,s22,s99,s100,s101,s102,s31,,,,,,,,,,,,,,,,108,83,84,85,86,,87,,91,,94,95,96,97,98,
,,,,,,,r32,r32,,,,,,,,,,,,r32,r32,r32,r32,r32,r32,,,,,,,,,,,,,,,,,r32,,,,,,,,,,,,,,,,,,,,,,,,,,,,,,,,,,,,
,,,,,,,r33,r33,,,,,,,,,,,,r33,r33,r33,r33,r33,r33,,,,,,,,,,,,,,,,,r33,,,,,,,,,,,,,,,,,,,,,,,,,,,,,,,,,,,,
,,,,,,,,,s17,s18,s19,s20,,,,,,,,,,,,,,,,,,,,,,,,,,,,,,s22,,,,,,,,,,,109,,,,,,,,,,,,,,,,,,21,,,,,,,
,,,,,,,,,,,,,,,,,s110,,,,,,,,,s111,s112,,,,,,,,,,,,,,,,,,,,,,,,,,,,,,,,,,,,,,,,,,,,,,,,,,,
,,,,r36,,,,,,,,,r36,,,,r36,r36,,,,,,,,r36,r36,s113,s114,s115,s116,s117,s118,,,,,,,,,,,,,,,,,,,,,,,,,,,,,,,,,,,,,,,,,,,,,
,,,,r43,,,,,,,,,r43,,,,r43,r43,,,,,,,,r43,r43,r43,r43,r43,r43,r43,r43,s119,s120,,,,,,,,,,,,,,,,,,,,,,,,,,,,,,,,,,,,,,,,,,,
,,,,r46,,,,,,,,,r46,,,,r46,r46,,,,,,,,r46,r46,r46,r46,r46,r46,r46,r46,r46,r46,s121,s122,,,,,,,,,,,,,,,,,,,,,,,,,,,,,,,,,,,,,,,,,
,,,,r49,,,,,,,,,r49,,,,r49,r49,,,,,,,,r49,r49,r49,r49,r49,r49,r49,r49,r49,r49,r49,r49,,,,,,,,,,,,,,,,,,,,,,,,,,,,,,,,,,,,,,,,,
,,,s78,r50,,,,,,,,,r50,,,,r50,r50,,,,,,,,r50,r50,r50,r50,r50,r50,r50,r50,r50,r50,r50,r50,s123,s124,,s77,,,,,,,,,,,,,,,,,,,,,,,,,,,,,,,,,,,,,
,,,,,,,,,,,,,,,,,,,,,,,,,,,,,,,,,,,,,,,,,,s22,,,,,,,,,,,,,,,,,,,,,,,,,,,125,,68,,,,,,,
,,,,,,,,,,,,,,,,,,,,,,,,,,,,,,,,,,,,,,,,,,s22,,,,,,,,,,,,,,,,,,,,,,,,,,,126,,68,,,,,,,
,,,,,,,,,,,,,,,,s90,,,,,,,,,,,,,,,,,,,s92,,,s88,s89,s93,,s22,s99,s100,s101,s102,s31,,,,,,,,,,,,,,,,127,83,84,85,86,,87,,91,,94,95,96,97,98,
,r68,,r68,r68,,,,,,,,,r68,,,s128,r68,r68,,,,,,,,r68,r68,r68,r68,r68,r68,r68,r68,r68,r68,r68,r68,r68,r68,,r68,,,,,,,,,,,,,,,,,,,,,,,,,,,,,,,,,,,,,
,,,,,,,,,,,,,,,,s90,,,,,,,,,,,,,,,,,,,s92,,,s88,s89,s93,,s22,s99,s100,s101,s102,s31,,,,,,,,,,,,,,,,,,,,129,,87,,91,,94,95,96,97,98,
,,,,,,,,,,,,,,,,s90,,,,,,,,,,,,,,,,,,,s92,,,s88,s89,s93,,s22,s99,s100,s101,s102,s31,,,,,,,,,,,,,,,,,,,,130,,87,,91,,94,95,96,97,98,
,,,,r59,,,,,,,,,r59,,,,r59,r59,,,,,,,,r59,r59,r59,r59,r59,r59,r59,r59,r59,r59,r59,r59,,,,,,,,,,,,,,,,,,,,,,,,,,,,,,,,,,,,,,,,,
,,,,r60,,,,,,,,,r60,,,,r60,r60,,,,,,,,r60,r60,r60,r60,r60,r60,r60,r60,r60,r60,r60,r60,,,,,,,,,,,,,,,,,,,,,,,,,,,,,,,,,,,,,,,,,
,,,,r61,,,,,,,,,r61,,,,r61,r61,,,,,,,,r61,r61,r61,r61,r61,r61,r61,r61,r61,r61,r61,r61,,,,,,,,,,,,,,,,,,,,,,,,,,,,,,,,,,,,,,,,,
,,,,r62,,,,,,,,,r62,,,,r62,r62,,,,,,,,r62,r62,r62,r62,r62,r62,r62,r62,r62,r62,r62,r62,,,,,,,,,,,,,,,,,,,,,,,,,,,,,,,,,,,,,,,,,
,,,,r63,,,,,,,,,r63,,,,r63,r63,,,,,,,,r63,r63,r63,r63,r63,r63,r63,r63,r63,r63,r63,r63,,,,,,,,,,,,,,,,,,,,,,,,,,,,,,,,,,,,,,,,,
,,,,r72,,,,,,,,,r72,,,,r72,r72,,,,,,,,r72,r72,r72,r72,r72,r72,r72,r72,r72,r72,r72,r72,,,,,,,,,,,,,,,,,,,,,,,,,,,,,,,,,,,,,,,,,
,,,,r73,,,,,,,,,r73,,,,r73,r73,,,,,,,,r73,r73,r73,r73,r73,r73,r73,r73,r73,r73,r73,r73,,,,,,,,,,,,,,,,,,,,,,,,,,,,,,,,,,,,,,,,,
,,,,r74,,,,,,,,,r74,,,,r74,r74,,,,,,,,r74,r74,r74,r74,r74,r74,r74,r74,r74,r74,r74,r74,,,,,,,,,,,,,,,,,,,,,,,,,,,,,,,,,,,,,,,,,
,,,,r75,,,,,,,,,r75,,,,r75,r75,,,,,,,,r75,r75,r75,r75,r75,r75,r75,r75,r75,r75,r75,r75,,,,,,,,,,,,,,,,,,,,,,,,,,,,,,,,,,,,,,,,,
,,,,,,,,,,,,,,,,,s131,,,,,,,,,s111,s112,,,,,,,,,,,,,,,,,,,,,,,,,,,,,,,,,,,,,,,,,,,,,,,,,,,
,,,,,,,,,,,,,,,,s132,,,,,,,,,,,,,,,,,,,,,,,,,,,,,,,,,,,,,,,,,,,,,,,,,,,,,,,,,,,,,,
,,,,,,,,,,,,,s133,,,,,,,,,,,,,s111,s112,,,,,,,,,,,,,,,,,,,,,,,,,,,,,,,,,,,,,,,,,,,,,,,,,,,
,r66,,r66,r66,,,,,,,,,r66,,,,r66,r66,,,,,,,,r66,r66,r66,r66,r66,r66,r66,r66,r66,r66,r66,r66,r66,r66,,r66,,,,,,,,,,,,,,,,,,,,,,,,,,,,,,,,,,,,,
,r71,,r71,r71,,,,,,,,,r71,,,,r71,r71,,,,,,,,r71,r71,r71,r71,r71,r71,r71,r71,r71,r71,r71,r71,r71,r71,,r71,,,,,,,,,,,,,,,,,,,,,,,,,,,,,,,,,,,,,
,,,,s134,,,,,,,,,,,,,,,,,,,,,,s111,s112,,,,,,,,,,,,,,,,,,,,,,,,,,,,,,,,,,,,,,,,,,,,,,,,,,,
,,,,,,,,,,,,,s135,,,,,,,,,,,,,,,,,,,,,,,,,,,,,,,,,,,,,,,,,,,,,,,,,,,,,,,,,,,,,,,,,
,,,,,,,s48,,,,,,,,,,,,,s61,,s62,s63,s66,s67,,,,,,,,,,,,,,,,,s22,,,,,,,,,,,,,,,64,,,,,136,,,,,,,65,,68,,,,,,,
,,,,,,,,,,,,,,,,s90,,,,,,,,,,,,,,,,,,,s92,,,s88,s89,s93,,s22,s99,s100,s101,s102,s31,,,,,,,,,,,,,,,,,137,84,85,86,,87,,91,,94,95,96,97,98,
,,,,,,,,,,,,,,,,s90,,,,,,,,,,,,,,,,,,,s92,,,s88,s89,s93,,s22,s99,s100,s101,s102,s31,,,,,,,,,,,,,,,,,138,84,85,86,,87,,91,,94,95,96,97,98,
,,,,,,,,,,,,,,,,s90,,,,,,,,,,,,,,,,,,,s92,,,s88,s89,s93,,s22,s99,s100,s101,s102,s31,,,,,,,,,,,,,,,,,,139,85,86,,87,,91,,94,95,96,97,98,
,,,,,,,,,,,,,,,,s90,,,,,,,,,,,,,,,,,,,s92,,,s88,s89,s93,,s22,s99,s100,s101,s102,s31,,,,,,,,,,,,,,,,,,140,85,86,,87,,91,,94,95,96,97,98,
,,,,,,,,,,,,,,,,s90,,,,,,,,,,,,,,,,,,,s92,,,s88,s89,s93,,s22,s99,s100,s101,s102,s31,,,,,,,,,,,,,,,,,,141,85,86,,87,,91,,94,95,96,97,98,
,,,,,,,,,,,,,,,,s90,,,,,,,,,,,,,,,,,,,s92,,,s88,s89,s93,,s22,s99,s100,s101,s102,s31,,,,,,,,,,,,,,,,,,142,85,86,,87,,91,,94,95,96,97,98,
,,,,,,,,,,,,,,,,s90,,,,,,,,,,,,,,,,,,,s92,,,s88,s89,s93,,s22,s99,s100,s101,s102,s31,,,,,,,,,,,,,,,,,,143,85,86,,87,,91,,94,95,96,97,98,
,,,,,,,,,,,,,,,,s90,,,,,,,,,,,,,,,,,,,s92,,,s88,s89,s93,,s22,s99,s100,s101,s102,s31,,,,,,,,,,,,,,,,,,144,85,86,,87,,91,,94,95,96,97,98,
,,,,,,,,,,,,,,,,s90,,,,,,,,,,,,,,,,,,,s92,,,s88,s89,s93,,s22,s99,s100,s101,s102,s31,,,,,,,,,,,,,,,,,,,145,86,,87,,91,,94,95,96,97,98,
,,,,,,,,,,,,,,,,s90,,,,,,,,,,,,,,,,,,,s92,,,s88,s89,s93,,s22,s99,s100,s101,s102,s31,,,,,,,,,,,,,,,,,,,146,86,,87,,91,,94,95,96,97,98,
,,,,,,,,,,,,,,,,s90,,,,,,,,,,,,,,,,,,,s92,,,s88,s89,s93,,s22,s99,s100,s101,s102,s31,,,,,,,,,,,,,,,,,,,,147,,87,,91,,94,95,96,97,98,
,,,,,,,,,,,,,,,,s90,,,,,,,,,,,,,,,,,,,s92,,,s88,s89,s93,,s22,s99,s100,s101,s102,s31,,,,,,,,,,,,,,,,,,,,148,,87,,91,,94,95,96,97,98,
,,,,r53,,,,,,,,,r53,,,,r53,r53,,,,,,,,r53,r53,r53,r53,r53,r53,r53,r53,r53,r53,r53,r53,,,,,,,,,,,,,,,,,,,,,,,,,,,,,,,,,,,,,,,,,
,,,,r54,,,,,,,,,r54,,,,r54,r54,,,,,,,,r54,r54,r54,r54,r54,r54,r54,r54,r54,r54,r54,r54,,,,,,,,,,,,,,,,,,,,,,,,,,,,,,,,,,,,,,,,,
,,,s78,r51,,,,,,,,,r51,,,,r51,r51,,,,,,,,r51,r51,r51,r51,r51,r51,r51,r51,r51,r51,r51,r51,,,,s77,,,,,,,,,,,,,,,,,,,,,,,,,,,,,,,,,,,,,
,,,s78,r52,,,,,,,,,r52,,,,r52,r52,,,,,,,,r52,r52,r52,r52,r52,r52,r52,r52,r52,r52,r52,r52,,,,s77,,,,,,,,,,,,,,,,,,,,,,,,,,,,,,,,,,,,,
,,,,,,,,,,,,,,,,,s149,,,,,,,,,s111,s112,,,,,,,,,,,,,,,,,,,,,,,,,,,,,,,,,,,,,,,,,,,,,,,,,,,
,,,,,,,,,,,,,,,,s90,,,,,,,,,,,,,,,,,,,s92,,,s88,s89,s93,,s22,s99,s100,s101,s102,s31,,,,,,,,,,,,,,,,151,83,84,85,86,150,87,,91,,94,95,96,97,98,
,,,,r57,,,,,,,,,r57,,,,r57,r57,,,,,,,,r57,r57,r57,r57,r57,r57,r57,r57,r57,r57,r57,r57,,,,,,,,,,,,,,,,,,,,,,,,,,,,,,,,,,,,,,,,,
,,,,r58,,,,,,,,,r58,,,,r58,r58,,,,,,,,r58,r58,r58,r58,r58,r58,r58,r58,r58,r58,r58,r58,,,,,,,,,,,,,,,,,,,,,,,,,,,,,,,,,,,,,,,,,
,,,,,,,s48,,,,,,,,,,,,,s61,,s62,s63,s66,s67,,,,,,,,,,,,,,,,,s22,,,,,,,,,,,,,,,64,,,,,152,,,,,,,65,,68,,,,,,,
,,,,,,,,,,,,,,,,s90,,,,,,,,,,,,,,,,,,,s92,,,s88,s89,s93,,s22,s99,s100,s101,s102,s31,,,,,,,,,,,,,,,,153,83,84,85,86,,87,,91,,94,95,96,97,98,
,,,,,,,r31,r31,,,,,,,,,,,,r31,r31,r31,r31,r31,r31,,,,,,,,,,,,,,,,,r31,,,,,,,,,,,,,,,,,,,,,,,,,,,,,,,,,,,,
,r67,,r67,r67,,,,,,,,,r67,,,,r67,r67,,,,,,,,r67,r67,r67,r67,r67,r67,r67,r67,r67,r67,r67,r67,r67,r67,,r67,,,,,,,,,,,,,,,,,,,,,,,,,,,,,,,,,,,,,
,,,,,,,r23,,,,,,,,,,,,r23,r23,,r23,r23,r23,r23,,,,,,,,,,,,,,,,,r23,,,,,,,,,,,,,,,,,,,,,,,,,,,,,,,,,,,,
,,,,,,,r26,r26,,,,,,,,,,,,r26,s154Ê/Êr26,r26,r26,r26,r26,,,,,,,,,,,,,,,,,r26,,,,,,,,,,,,,,,,,,,,,,,,,,,,,,,,,,,,
,,,,r34,,,,,,,,,r34,,,,r34,r34,,,,,,,,r34,r34,s113,s114,s115,s116,s117,s118,,,,,,,,,,,,,,,,,,,,,,,,,,,,,,,,,,,,,,,,,,,,,
,,,,r35,,,,,,,,,r35,,,,r35,r35,,,,,,,,r35,r35,s113,s114,s115,s116,s117,s118,,,,,,,,,,,,,,,,,,,,,,,,,,,,,,,,,,,,,,,,,,,,,
,,,,r37,,,,,,,,,r37,,,,r37,r37,,,,,,,,r37,r37,r37,r37,r37,r37,r37,r37,s119,s120,,,,,,,,,,,,,,,,,,,,,,,,,,,,,,,,,,,,,,,,,,,
,,,,r38,,,,,,,,,r38,,,,r38,r38,,,,,,,,r38,r38,r38,r38,r38,r38,r38,r38,s119,s120,,,,,,,,,,,,,,,,,,,,,,,,,,,,,,,,,,,,,,,,,,,
,,,,r39,,,,,,,,,r39,,,,r39,r39,,,,,,,,r39,r39,r39,r39,r39,r39,r39,r39,s119,s120,,,,,,,,,,,,,,,,,,,,,,,,,,,,,,,,,,,,,,,,,,,
,,,,r40,,,,,,,,,r40,,,,r40,r40,,,,,,,,r40,r40,r40,r40,r40,r40,r40,r40,s119,s120,,,,,,,,,,,,,,,,,,,,,,,,,,,,,,,,,,,,,,,,,,,
,,,,r41,,,,,,,,,r41,,,,r41,r41,,,,,,,,r41,r41,r41,r41,r41,r41,r41,r41,s119,s120,,,,,,,,,,,,,,,,,,,,,,,,,,,,,,,,,,,,,,,,,,,
,,,,r42,,,,,,,,,r42,,,,r42,r42,,,,,,,,r42,r42,r42,r42,r42,r42,r42,r42,s119,s120,,,,,,,,,,,,,,,,,,,,,,,,,,,,,,,,,,,,,,,,,,,
,,,,r44,,,,,,,,,r44,,,,r44,r44,,,,,,,,r44,r44,r44,r44,r44,r44,r44,r44,r44,r44,s121,s122,,,,,,,,,,,,,,,,,,,,,,,,,,,,,,,,,,,,,,,,,
,,,,r45,,,,,,,,,r45,,,,r45,r45,,,,,,,,r45,r45,r45,r45,r45,r45,r45,r45,r45,r45,s121,s122,,,,,,,,,,,,,,,,,,,,,,,,,,,,,,,,,,,,,,,,,
,,,,r47,,,,,,,,,r47,,,,r47,r47,,,,,,,,r47,r47,r47,r47,r47,r47,r47,r47,r47,r47,r47,r47,,,,,,,,,,,,,,,,,,,,,,,,,,,,,,,,,,,,,,,,,
,,,,r48,,,,,,,,,r48,,,,r48,r48,,,,,,,,r48,r48,r48,r48,r48,r48,r48,r48,r48,r48,r48,r48,,,,,,,,,,,,,,,,,,,,,,,,,,,,,,,,,,,,,,,,,
,,,,r55,,,,,,,,,r55,,,,r55,r55,,,,,,,,r55,r55,r55,r55,r55,r55,r55,r55,r55,r55,r55,r55,,,,,,,,,,,,,,,,,,,,,,,,,,,,,,,,,,,,,,,,,
,,,,,,,,,,,,,,,,,s155,s156,,,,,,,,,,,,,,,,,,,,,,,,,,,,,,,,,,,,,,,,,,,,,,,,,,,,,,,,,,,,
,,,,,,,,,,,,,,,,,r65,r65,,,,,,,,s111,s112,,,,,,,,,,,,,,,,,,,,,,,,,,,,,,,,,,,,,,,,,,,,,,,,,,,
,,,,,,,r28,r28,,,,,,,,,,,,r28,r28,r28,r28,r28,r28,,,,,,,,,,,,,,,,,r28,,,,,,,,,,,,,,,,,,,,,,,,,,,,,,,,,,,,
,,,,,,,,,,,,,,,,,s157,,,,,,,,,s111,s112,,,,,,,,,,,,,,,,,,,,,,,,,,,,,,,,,,,,,,,,,,,,,,,,,,,
,,,,,,,s48,,,,,,,,,,,,,s61,,s62,s63,s66,s67,,,,,,,,,,,,,,,,,s22,,,,,,,,,,,,,,,64,,,,,158,,,,,,,65,,68,,,,,,,
,,,,r56,,,,,,,,,r56,,,,r56,r56,,,,,,,,r56,r56,r56,r56,r56,r56,r56,r56,r56,r56,r56,r56,,,,,,,,,,,,,,,,,,,,,,,,,,,,,,,,,,,,,,,,,
,,,,,,,,,,,,,,,,s90,,,,,,,,,,,,,,,,,,,s92,,,s88,s89,s93,,s22,s99,s100,s101,s102,s31,,,,,,,,,,,,,,,,159,83,84,85,86,,87,,91,,94,95,96,97,98,
,,,,,,,,,,,,,s160,,,,,,,,,,,,,,,,,,,,,,,,,,,,,,,,,,,,,,,,,,,,,,,,,,,,,,,,,,,,,,,,,
,,,,,,,r27,r27,,,,,,,,,,,,r27,r27,r27,r27,r27,r27,,,,,,,,,,,,,,,,,r27,,,,,,,,,,,,,,,,,,,,,,,,,,,,,,,,,,,,
,,,,,,,,,,,,,,,,,r64,r64,,,,,,,,s111,s112,,,,,,,,,,,,,,,,,,,,,,,,,,,,,,,,,,,,,,,,,,,,,,,,,,,
,,,,,,,r29,r29,,,,,,,,,,,,r29,r29,r29,r29,r29,r29,,,,,,,,,,,,,,,,,r29,,,,,,,,,,,,,,,,,,,,,,,,,,,,,,,,,,,,